created_at,tweet,sentiment
2019-05-27 02:37:02,"b""What's going on? Apple (AAPL) Holder Mastrapasqua Asset Management Has Lowered Position; Seidman Lawrence B Has Low\xe2\x80\xa6 https://t.co/l1KzuDi6hE""",0.0
2019-05-27 02:34:27,b'How much of Apples $AAPL cash in China with all the Rare Earth Metals? https://t.co/znvLl2hYdG',0.25
2019-05-27 02:34:25,b'$AAPL Apple 20 Day Hourly Impulse https://t.co/r2jQvcVfrE',0.0
2019-05-27 02:34:10,"b'RT @PokerTraderRay: FREE SIMULATED TRADING PLATFORM for new traders to get their feet wet trading,or for more advanced traders looking to t\xe2\x80\xa6'",0.2672727272727273
2019-05-27 02:30:05,b'ACTIVE TRADERS Try one of these FREE trading guides:\n\nhttps://t.co/JQ4zHjkFLf\n\n$NFLX $TSLA $AAPL $NKE $GS $FB $AMZN $GOOGL $NVDA',0.13333333333333336
2019-05-27 02:28:41,"b""RT @SharePlanner: The returns couldn't be better in the Splash Zone - see years of profits and returns going all the way back to 2011. Beco\xe2\x80\xa6""",0.25
2019-05-27 02:28:30,"b""Join @RobinhoodApp and we'll both get a stock like $AAPL, $F, or $S for free. Make sure to use my link.\n\nhttps://t.co/Uf8vW3lWlo""",0.45
2019-05-27 02:26:02,b'Apple (AAPL) Holder Stonehearth Capital Management Increased Holding; Parus Finance Uk LTD Lowered Its Apple (AAPL)\xe2\x80\xa6 https://t.co/fCh5CXSlRI',0.0
2019-05-27 02:25:55,"b""Join @RobinhoodApp and we'll both get a stock like $AAPL, $F, or $S for free. Make sure to use my link.\n\nhttps://t.co/Mi8KbDPi9O""",0.45
2019-05-27 02:24:29,"b""Join @RobinhoodApp and we'll both get a stock like $AAPL, $F, or $S for free. Make sure to use my link.\n\nhttps://t.co/xfHSLEHfRN""",0.45
2019-05-27 02:22:35,b'RT @ArgentArts: Albrecht #Durer #iPhone #Case\n\nhttps://t.co/WpQa11PA8O\n\n#iphonecase $AAPL https://t.co/if4tzbDv5o',0.0
2019-05-27 02:22:24,"b'$vz 5G, Less Debt, And A Growing Yield, Thats Verizon\n\nhttps://t.co/El2MxkgKeM\n\n\xf0\x9f\x94\xa5Free stock w/sign up:\xe2\x80\xa6 https://t.co/6COKMwp2qh'",-0.16666666666666666
2019-05-27 02:21:38,b'$ba Boeings Troubles Are Everywhere \n\nhttps://t.co/Yck044ipqk\n\n\xf0\x9f\x94\xa5Free stock w/sign up: https://t.co/VPn0jmyb6B \xf0\x9f\x94\xa5\xe2\x80\xa6 https://t.co/6CSMBv9IgB',0.0
2019-05-27 02:19:55,"b""Join @RobinhoodApp and we'll both get a stock like $AAPL, $F, or $S for free. Make sure to use my link.\n\nhttps://t.co/jSsTvw0AWE""",0.45
2019-05-27 02:08:37,"b'RT @MarketHedgeFund: Bitcoin Price Slays $8750, Hits 12-Month High in Sudden Parabolic Swing\n$LBCC $BTCS $BTSC $OSTK $RIOT $MARA $TEUM $DPW\xe2\x80\xa6'",0.08
created_at,tweet,sentiment
2019-05-27 01:00:20,b'Trading earnings with Technical analysis. Blog post on playing both sides with #AAPL #Apple as an example. \n\nLink:\xe2\x80\xa6 https://t.co/6vv6NZKCi4',0.0
2019-05-26 19:19:41,b'\xf0\x9f\x92\xbb #Bitcoin $8103 vs \xf0\x9f\xa6\x8d #AAPL $180.2\n\n         +2.7% \xf0\x9f\x9a\x80  1 week   \xf0\x9f\x94\xbb -3.6% \n    +103.6% \xf0\x9f\x9a\x80  YTD        \xf0\x9f\x9a\x80 +13.7%\xe2\x80\xa6 https://t.co/c1ylNIkfbP',0.0
2019-05-26 18:02:32,"b'#AAPL\nOpen: 180.20\nClose: 179.66\nDaily Range: 178.62 - 182.13\nEarnings date: Jul 29, 2019 - Aug 2, 2019'",0.0
2019-05-26 16:42:26,b'The Big Five #FAANG Stock and Sector Service is now posted for Sunday       #AMZN #AAPL #FB #NFLX #TSLA #GOOGL and\xe2\x80\xa6 https://t.co/ijbSDNLnC8',0.0
2019-05-26 16:35:02,b'$TSLA - Fri - 5 Min TPO/Vol Profile Chart\n\nLook like b-shape Profile\n\n-- A lot of Resistance Ahead  .. A lot :)\n\n--\xe2\x80\xa6 https://t.co/JEXCRiySZY',0.5
2019-05-26 14:24:51,"b""Remember Professionals treat prices between 50 and 200 MA as no man's land. Remain cautious to press Buy Button , b\xe2\x80\xa6 https://t.co/mPQgMRewXX""",0.0
2019-05-26 14:20:15,"b'Bearish Engulfing Mthly; Weakly/Daily Bearish. 1st bleeding stops daily;  then above 50SMA(2873), then weekly (2892\xe2\x80\xa6 https://t.co/jpmIsUZKHF'",0.0
2019-05-26 14:07:18,b'**FREE Post BTFD (Buy the Fking Dip) Strategy ebook\n\nMUST READ for current market conditions. Written by profession\xe2\x80\xa6 https://t.co/YDpzFVZoFg',0.2
2019-05-26 09:48:01,b'Apple | $AAPL\n\n#AAPL\n\nLong or short it on WCX: https://t.co/wGJISyZY2A https://t.co/DRjKj4WJRy',-0.025
2019-05-26 09:19:31,"b'@aapltrdng WILL COVER THE WWDC 19 \nWrite code. Blow minds.\n@apple Worldwide Developers Conference\n\xf0\x9f\x93\x8dSan Jose, CA, \xf0\x9f\x97\x93\xe2\x80\xa6 https://t.co/cbfjA0Cpz8'",0.0
2019-05-26 09:19:19,"b'@aapltrdng WILL COVER THE WWDC 19 \nWrite code. Blow minds.\n@apple Worldwide Developers Conference\n\xf0\x9f\x93\x8dSan Jose, CA, \xf0\x9f\x97\x93\xe2\x80\xa6 https://t.co/152fZ7C4yO'",0.0
2019-05-26 08:26:07,"b""Why doesn't #China just put out a nationwide ban of the sale of @Apple products, have a massive impact on their sha\xe2\x80\xa6 https://t.co/gVkmzXfzUK""",0.0
2019-05-26 05:35:00,"b'Mobile Messaging, On-Demand and Cloud Services are transforming business worldwide! #skyone #WhatsApp #wechat #AAPL #uber #aws #GoogleCloud'",0.0
2019-05-26 02:48:30,"b'@tim_cook Mr Cook\n\n Thank you for being so gracious with your time today at the coffee house, it was a pleasure mee\xe2\x80\xa6 https://t.co/zVrFznGYxy'",0.0
2019-05-26 01:48:48,"b'Half cooked bottom on the indexes. Expect 280 on SPY , a touch at a minimum. Plan your trades accordingly. Oversold\xe2\x80\xa6 https://t.co/HMYctDwiXg'",-0.16666666666666666
2019-05-25 21:37:32,b'\xf0\x9f\x92\xbb #Bitcoin $8085 vs \xf0\x9f\xa6\x8d #AAPL $180.2\n\n         +2.5% \xf0\x9f\x9a\x80  1 week    \xf0\x9f\x94\xbb -3.6% \n    +103.2% \xf0\x9f\x9a\x80  YTD        \xf0\x9f\x9a\x80 +13.7%\xe2\x80\xa6 https://t.co/EBaSkDotrg',0.0
2019-05-25 19:46:40,b'@alphatrends Compare buying #aapl at 232$ vs 142$ in last 1 year. Or buying #tsla at 379$ vs 190$. Buying super hig\xe2\x80\xa6 https://t.co/b2xYe8j6iV',0.16666666666666666
2019-05-25 18:22:30,b'$SPY - Daily Charts - Candle Glance View\n\n$AMZN $AAPL $BABA $BAC $CELG $FB\n$GOOG $IBB $IWM $JPM $MSFT $NFLX\n$BA\xe2\x80\xa6 https://t.co/gbPbX9wsIZ',0.0
2019-05-25 17:20:01,b'FREE CONTENT--&gt; A terminology guide filled with definitions and terms that all investors need to know. Enjoy!\xe2\x80\xa6 https://t.co/cPLvAj11Su',0.4
2019-05-25 16:51:00,b'$AAPL Support and Resistance (Pivots) for Mon 5/27/19:\n\n$FB $AMZN $AAPL\n$GOOG $TSLA $C\n$BAC $CELG $IBB\n$MSFT $NFLX\xe2\x80\xa6 https://t.co/fmADghIhg4',0.0
2019-05-25 15:02:45,b'#TESLA #TSLA\n2 many great competitors now\nOverpriced #Ev \nParts very expensive \nMaintenance - Watchout.. \njust like\xe2\x80\xa6 https://t.co/GZFA7yjpVm',0.21666666666666667
2019-05-25 13:06:11,"b'Memorial Day Deals: Save on Apple Devices and Accessories from Twelve South, Mophie, Best Buy, and More https://t.co/EIPMsfYmki #AAPL'",0.75
2019-05-25 12:31:22,"b'WWDC 19 \nWrite code. Blow minds.\n@apple Worldwide Developers Conference\n\xf0\x9f\x93\x8dSan Jose, CA, \xf0\x9f\x97\x93 June 3\xe2\x80\x937\n\n__\n#aapl #apple\xe2\x80\xa6 https://t.co/JLh4pxyaeJ'",0.0
2019-05-25 10:57:23,b'$es_f - this weekend may be time to create a list of fav stocks &amp; some levels to enter for swing - if market contin\xe2\x80\xa6 https://t.co/xesWiOsMqS',0.0
2019-05-25 06:50:00,b'Very interesting... #AAPL #bull #StockMarket #stockstowatch #trading https://t.co/y0GIPZqdEq',0.65
2019-05-25 03:46:00,b'\xf0\x9f\x92\xbb #Bitcoin $8038 vs \xf0\x9f\xa6\x8d #AAPL $180.2\n\n        +1.9% \xf0\x9f\x9a\x80  1 week    \xf0\x9f\x94\xbb -3.6% \n       +102% \xf0\x9f\x9a\x80  YTD        \xf0\x9f\x9a\x80 +13.7%\xe2\x80\xa6 https://t.co/qkAbhJrO1T',0.0
2019-05-25 02:45:06,b'Apple: When And If China Bans iPhones - Seeking Alpha https://t.co/0fRuuwwEqn #AAPL #KwanChenMa #BilalHashmi https://t.co/5hIOPbnmpn',0.0
2019-05-24 23:46:24,"b""Apple Confirms ECG Functionality is Coming to Canada 'as quickly as Possible' https://t.co/An10R4mN2z #AAPL""",0.0
2019-05-24 23:36:17,"b""Angela Ahrendts on Apple Retail Criticism: 'I Don't Read Any of it, and None of it is Based on Fact' https://t.co/rg1LyhXky9 #AAPL""",0.0
2019-05-24 22:26:21,b'iPhone XS Max vs. OnePlus 7 Pro https://t.co/Vnh2A9erSu #AAPL',0.0
2019-05-24 21:40:43,b'@bdb822 @carlquintanilla @Tesla Similar to #aapl makes iPhones &amp; software for it to work. @tsla makes EV with inbui\xe2\x80\xa6 https://t.co/tAFXdVZ5cd',0.0
2019-05-24 21:03:19,"b'Apple Inc price at close, 2019-05-24, is 179.38. #apple #AAPL'",0.0
2019-05-24 20:41:36,"b'Apple Acquired Tueo Health, a Startup Developing an Asthma Monitoring App https://t.co/BB7IgIglvp #AAPL'",0.0
2019-05-24 20:15:33,"b""$AAPL closes within previous day's range after lackluster session: https://t.co/GXxUwEuceP\nSentiment: Neutral #AAPL #Apple""",-0.16666666666666666
2019-05-24 18:44:37,b'1 hour charts for all 78 instruments are available for members viewing https://t.co/x2kmaKA6Ui #ElliottWave #Forex\xe2\x80\xa6 https://t.co/UDB8ymuXNZ',0.4
2019-05-24 18:11:09,"b""MacRumors Giveaway: Win a Mac, iPhone, or iPod Plush From Throwboy's Iconic Pillow Collection https://t.co/1jJ5gdzzv1 #AAPL""",0.65
2019-05-24 18:11:04,b'https://t.co/WjA9Ycul2c &gt; Get regular updates on various #Stocks #ETFs and #Bitcoin with 50% off in Memorial Day pr\xe2\x80\xa6 https://t.co/lVtpNZEPH4',0.0
2019-05-24 18:11:01,b'https://t.co/2umqIhtqtu &gt; Get regular updates on various #Stocks #ETFs and #Bitcoin with 50% off in Memorial Day pr\xe2\x80\xa6 https://t.co/aFiNqSkg3K',0.0
2019-05-24 18:10:58,b'https://t.co/OZQn1KhuMO &gt; Get regular updates on various #Stocks #ETFs and #Bitcoin with 50% off in Memorial Day pr\xe2\x80\xa6 https://t.co/GwLiHYFYlz',0.0
2019-05-24 18:00:07,b'How to trade options around AAPL Earnings \xe2\x96\xb6\xef\xb8\x8fhttps://t.co/oW9wPlgGhT\n\n#AAPL $aapl #options #optionstrading',0.0
2019-05-24 17:31:54,b'#AAPL SELL',0.0
2019-05-24 17:11:43,b'1 hour charts for the Group 3 instruments are available for members viewing https://t.co/x2kmaKA6Ui #ElliottWave\xe2\x80\xa6 https://t.co/OH80QLFj4c',0.4
2019-05-24 16:51:47,"b""#Apple's 2019 #iPhone #Refresh Could Be A #Yawner While 2020 Models Get #Exciting Upgrades https://t.co/EFYaSpM1rl\xe2\x80\xa6 https://t.co/jZMIZlDxjD""",0.3
2019-05-24 16:46:57,b'\xf0\x9f\x92\xbb BTC $8142     vs     \xf0\x9f\xa6\x8d #AAPL $180.2\n\n           +3.2% \xf0\x9f\x9a\x80  1 week  \xf0\x9f\x94\xbb -3.6% \n    +104.6% \xf0\x9f\x9a\x80  YTD        \xf0\x9f\x9a\x80 +13.7%\xe2\x80\xa6 https://t.co/tjQBxuSt5K',0.0
2019-05-24 16:36:33,"b'iOS 13 Concept Envisions Dark Mode, New Volume Indicator, iPad as Extended Display for Mac, and More https://t.co/4PxOohZe9g #AAPL'",0.1621212121212121
2019-05-24 16:26:14,b'Apple Releasing iOS 12.3.1 Today With Fixes for Messages and VoLTE Bugs https://t.co/Xh14v3iHmy #AAPL',0.0
2019-05-24 16:15:22,b'Apple Inc  Reiterated Rating by Cascend Securities (Ranked 118th) to Buy with $210PT $AAPL #AAPL https://t.co/DWfFaFU7hD',0.0
2019-05-24 15:16:11,"b""iFixit Says 2019 MacBook Pro Keyboard Has 'Subtle' Changes to Design and Materials https://t.co/5Cih7MSSp3 #AAPL""",-0.3333333333333333
2019-05-24 15:12:38,b'#aapl stop!!',0.0
2019-05-24 14:41:48,b'$AAPL reacting lower from the blue box as we highlighted a couple of weeks ago https://t.co/QIhbDl3mTb #Elliottwave\xe2\x80\xa6 https://t.co/Huk805NpNG',0.0
2019-05-24 14:37:17,b'BLOCK TRADE detected in #AAPL',0.0
2019-05-24 14:07:51,"b'My prev tweet :\nWhen market opens outside the range (like today), go long and ask questions later. 7/10 times,it wi\xe2\x80\xa6 https://t.co/fCnorg7nNu'",-0.016666666666666666
2019-05-24 14:06:24,"b'2020 iPhones May Have Full-Screen Touch ID, New iPhone SE Based on iPhone 8 Also Possible Next Year https://t.co/35oPss0o4B #AAPL'",0.04545454545454545
2019-05-24 13:59:55,"b'Market looking to end the week on a positive note, after the Prez said restrictions could dial back on #Huawei as p\xe2\x80\xa6 https://t.co/QNoEAXVe5E'",0.11363636363636363
2019-05-24 13:16:34,b'Apple (AAPL) shares up a not-very-convincing 0.34% premarket ... #Apple #trade #china #Huawei #AppleForever #stocks\xe2\x80\xa6 https://t.co/TrfuGydeJj',0.0
2019-05-24 13:14:17,"b'There is a new post in our blog, come and check it out: https://t.co/UYVccABA9c \n#Apple #AAPL #Stocks #Money\xe2\x80\xa6 https://t.co/Y1BOy9zKMD'",0.13636363636363635
2019-05-24 11:15:33,b'How To Retire At 64 With Only Half A Million - Seeking Alpha https://t.co/Ele6kNRxYq #AAPL #AGNCN #HD https://t.co/00NEtFCfHE',-0.08333333333333333
2019-05-24 11:01:51,"b""Food Ordering Features Now Available in Google's Mobile Apps https://t.co/0C9YAQtLRJ #AAPL""",0.4
2019-05-24 10:08:43,b'Fire Cracker effort in Full display yesterday\xf0\x9f\x98\x80.\n\n#trading #DayTrading #options #stocks #OptionsTrading #NQ #AMZN\xe2\x80\xa6 https://t.co/5ms7XeIeTs',0.35
2019-05-24 09:26:20,"b""Taiwan's Second Apple Retail Store Opening Soon in Xinyi District of Taipei https://t.co/sW4pepMks7 #AAPL""",0.0
2019-05-24 09:19:53,b'#TSLA #FHL #AMD #AAPL #NIO #TIGR  #NVCN #ZYNE #MAXR watching into market open\n#StockMarket #investing #luckeee\xe2\x80\xa6 https://t.co/iU7xo6wSHr',0.0
2019-05-24 05:14:38,b'\xf0\x9f\x92\xbb BTC $7838     vs     \xf0\x9f\xa6\x8d #AAPL $179.8\n\n           -0.7% \xf0\x9f\x94\xbb  1 week  \xf0\x9f\x94\xbb -3.8% \n            +97% \xf0\x9f\x9a\x80  YTD        \xf0\x9f\x9a\x80 +13.4%\xe2\x80\xa6 https://t.co/D8jOeFHG2v',0.0
2019-05-24 04:14:41,b'\xf0\x9f\x92\xbb BTC $7880     vs     \xf0\x9f\xa6\x8d #AAPL $NaN\n\n        +12.6% \xf0\x9f\x9a\x80  1 week  \xf0\x9f\x99\x85\xe2\x80\x8d\xe2\x99\x80\xef\xb8\x8f N/A% \n        +95.2% \xf0\x9f\x9a\x80  YTD        \xf0\x9f\x99\x85\xe2\x80\x8d\xe2\x99\x80\xef\xb8\x8f N/A%\xe2\x80\xa6 https://t.co/AUBK5FQZ5S',0.0
2019-05-24 00:00:25,b'$SPY - Daily Charts - Candle Glance View\n\n$AMZN $AAPL $BABA $BAC $CELG $FB\n$GOOG $IBB $IWM $JPM $MSFT $NFLX\n$BA\xe2\x80\xa6 https://t.co/4MQvETqUIg',0.0
2019-05-23 23:35:00,b'Stock Indexes poised for WEEKLY VERTICAL CROSSOVER going DOWN. We will call it at close of market on Friday. \xe2\x80\x9cFollo\xe2\x80\xa6 https://t.co/qWymt9uUEr',-0.15555555555555559
2019-05-23 22:53:50,b'1 hour post market charts for the Group 3 instruments are available for members viewing https://t.co/x2kmaKA6Ui\xe2\x80\xa6 https://t.co/Kp0SHD7Rb0',0.4
2019-05-23 22:48:38,b'4 hour charts for all 78 instruments are available for members viewing https://t.co/x2kmaKA6Ui #ElliottWave #Forex\xe2\x80\xa6 https://t.co/mhCDaWbCoq',0.4
2019-05-23 22:47:42,b'4 hour charts for the Group 3 instruments are available for members viewing https://t.co/x2kmaKA6Ui #ElliottWave\xe2\x80\xa6 https://t.co/zwBaMMJsNV',0.4
2019-05-23 22:26:12,b'Apple Stops Signing iOS 12.2 Following Release of iOS 12.3 https://t.co/YU1oQGLPj6 #AAPL',0.0
2019-05-23 22:26:11,b'New Apple Pay Promo Offers $1 Tacos From Taco Bell https://t.co/wYmQk3jpEh #AAPL',0.11818181818181818
2019-05-23 21:30:41,b'$AAPL reacting lower from the blue box as we highlighted a couple of weeks ago  https://t.co/5vwkVJesxN \xe2\x80\xa6 #Elliottwave #AAPL #Trading',0.0
2019-05-23 21:01:42,"b'Apple Inc price at close, 2019-05-23, is 179.27. #apple #AAPL'",0.0
2019-05-23 21:01:41,b'U.S. Senate Passes Bill to Cut Down on Robocalling https://t.co/n23rFbKt4p #AAPL',-0.15555555555555559
2019-05-23 20:31:19,b'Snap Employees Have Used Internal Snapchat Tools to Spy on Users https://t.co/F51rwQ19bE #AAPL',0.0
2019-05-23 20:15:26,b'$AAPL falls to lowest close since March 11th: https://t.co/6KreKJFIPr\nSentiment: Neutral #AAPL #Apple',0.0
2019-05-23 18:21:04,b'New 8-Core MacBook Pro Offers Solid Performance Improvements According to Benchmark https://t.co/KSdc6nbk9y #AAPL',0.07878787878787878
2019-05-23 18:18:35,"b'#AAPL Daily\nHit 0,5 Fibonacci retracement\nMajor support zone coming up \nLooking for a bounce play if it gets there\xe2\x80\xa6 https://t.co/dqot9FAKWt'",0.03125
2019-05-23 17:49:39,b'#helloworld #like #love #hello #sky #nature #adventure #photography #gay #view #igdaily #apple #comingout\xe2\x80\xa6 https://t.co/d9iZ294K3a',0.45833333333333337
2019-05-23 16:36:15,"b'$AAPL Daily: #AAPL did have a DCB, but did not form an A-wave bottom,  etc major VBP support  is coming up (red), r\xe2\x80\xa6 https://t.co/QSJdJ7RGBv'",0.020833333333333332
2019-05-23 16:11:09,b'Samsung Rumored to Supply OLED Displays for 16-Inch MacBook Pro and Future iPad Pros https://t.co/IoviMkRzR0 #AAPL',0.0
2019-05-23 16:06:22,"b""New 'Source' Wireless Charger From Spansive Charges Four iPhones at Once Thanks to Unique Design https://t.co/oo5cK1aq3i #AAPL""",0.23712121212121215
2019-05-23 15:34:19,b'Apple Inc is doomed. $AAPL dropped by 1.4857%! Currently priced at 180.0645. https://t.co/HoqF250XDs #AAPL',0.0
2019-05-23 15:07:17,b'Apple has a plan to make online ads more private. #AAPL  https://t.co/HXkfBifgMW',0.25
2019-05-23 14:23:32,b'$AAPL reacting lower from the blue box as we highlighted a couple of weeks ago  https://t.co/5vwkVJesxN   #Elliottwave #AAPL #Trading',0.0
2019-05-23 14:18:54,b'Deals Spotlight: 2019 iPad Air Gets First Price Drop (Up to $40 Off) https://t.co/4TQOqaQSN5 #AAPL',0.25
2019-05-23 13:49:15,b'BLOCK TRADE detected in #AAPL',0.0
2019-05-23 13:45:16,b'@CNBCi they are one and the same no? $AAPL #AAPL \xf0\x9f\xa4\xb7\xf0\x9f\x8f\xbc\xe2\x80\x8d\xe2\x99\x82\xef\xb8\x8f\xf0\x9f\x8d\xbf https://t.co/11vnE6zYAj',0.0
2019-05-23 13:37:06,b'#aapl buy stop 179.75',0.0
2019-05-23 13:17:13,b'Apple Watch Series 4 With ECG App and irregular Heart Rhythm Notification Available @aapltrdng \n\n_\n#aapl #apple\xe2\x80\xa6 https://t.co/KfL6sBTeTN',0.4
2019-05-23 13:14:17,b'Apple Stock Downtrend - #AAPL chart https://t.co/NVw2fauxsb',0.0
2019-05-23 13:11:25,b'71% of College Students Prefer Macs Over PCs According to Jamf Survey https://t.co/bHOT3benee #AAPL',0.0
2019-05-23 13:07:55,"b""Goldman Sachs says a potential ban of #Apple's (#NASDAQ:#AAPL) products in China to retaliate against the U.S. acti\xe2\x80\xa6 https://t.co/Uk4pi9NYzz""",0.0
2019-05-23 12:50:36,b'China has more weapons in US tariff war - but do they work? $AAPL #AAPL #Automotivetechnology #Industrialtechnology\xe2\x80\xa6 https://t.co/WAFOYUZav9',0.5
2019-05-23 12:50:31,b'China has more weapons in US tariff war - but do they work? $AAPL #AAPL #Automotivetechnology #Industrialtechnology\xe2\x80\xa6 https://t.co/uhaWxqrhxN',0.5
2019-05-23 12:46:20,"b""#UBS cuts $AAPL #PT $235 to $225\nBoth the #TrillionRace euphoria &amp; #AAPL's bullishness since earnings have vanished\xe2\x80\xa6 https://t.co/momJ8waN7Q""",0.0
2019-05-23 12:39:15,"b'An ugly open ahead for the market, #DOW-238 on trade pessimism. #AAPL-1.7% on a UBS price target cut due to China w\xe2\x80\xa6 https://t.co/61ryuneoBt'",-0.27499999999999997
2019-05-23 12:17:50,b'@jimcramer Please help: UBS analyst cuts price target on #AAPL to $225/share (over $40 higher than yesterday\xe2\x80\x99s clos\xe2\x80\xa6 https://t.co/ViD04R7ZW5',0.25
2019-05-23 12:16:15,"b""Instagram Website Flaw Exposed Users' Phone Numbers and Email Addresses https://t.co/XA9ME2nn0G #AAPL""",0.0
2019-05-23 11:45:02,"b'UBS next to cut #Apple price target\n\nSlowing iPhone demand, trade war headwinds and possible ripple effects from a\xe2\x80\xa6 https://t.co/qI1dx9J5FO'",0.0
2019-05-23 11:30:15,"b""Here's how much an iPhone XS costs in 25 different countries https://t.co/gu35mcOFXD via @businessinsider #AAPL $AAPL""",0.1
2019-05-23 10:59:26,"b'Man Who Tricked Apple into Replacing 1,500 Fake iPhones Pleads Guilty to Trafficking Counterfeit Goods https://t.co/P7pTvzgdSu #AAPL'",-0.5
2019-05-23 09:39:58,b'Apple Registers Eleven New iPhone Models in Eurasian Database https://t.co/3On7JD5uAL #AAPL',0.13636363636363635
2019-05-23 09:09:18,b'#aapl $AAPL = bearish or too bearish? https://t.co/1qo1ettU8Y',0.0
2019-05-23 08:55:27,b'@Schuldensuehner Dumping #AAPL #GOOGL and other mega cap tech would be a close second...  Trump\xe2\x80\x99s Trade War is goin\xe2\x80\xa6 https://t.co/cJ2AkeyFHZ',-0.0625
2019-05-23 05:52:26,b'Watch out for @Apple #AAPL could it be a good buy on the dip?\nhttps://t.co/QPGm9evhUf',0.7
2019-05-23 05:26:01,b'China has more weapons in US tariff war _ but do they work? $AAPL #AAPL #Economy #Electricalequipmentmanufacturing\xe2\x80\xa6 https://t.co/hkR0EsByOf',0.5
2019-05-23 05:25:56,b'China has more weapons in US tariff war _ but do they work? $AAPL #AAPL #Economy #Electricalequipmentmanufacturing\xe2\x80\xa6 https://t.co/RjpvScLxiT',0.5
2019-05-23 03:08:06,"b'#shop has gone parabolic. So logical next move is Lower... Wrong!. Expect higher prices on #shopify, if mkt coopera\xe2\x80\xa6 https://t.co/iEprFWvN9l'",-0.03125
2019-05-23 02:54:57,b'#cgc and by extension #marijuana stocks looking good. Expect 49 if mkt cooperates .. Cautious long\n\n#trading\xe2\x80\xa6 https://t.co/T9xudTpwgA',0.32499999999999996
2019-05-23 01:02:12,"b'#cmg if  market cooperates, #chipotle will be decent long. My chart explains why.\n\n#trading #DayTrading #options\xe2\x80\xa6 https://t.co/TigXTIol7w'",0.05833333333333333
2019-05-23 00:54:52,b'IWM has risks both sides.. Stay away. Let Market sort it out. My chart explains why... \n\n#trading #DayTrading\xe2\x80\xa6 https://t.co/ne4C7REjJ6',0.0
2019-05-23 00:43:56,b'The Group 3 Daily Technical Video is available for members viewing https://t.co/x2kmaKA6Ui #ElliottWave #Stocks\xe2\x80\xa6 https://t.co/NoxsaSLGQn',0.13333333333333333
2019-05-22 23:58:50,b'@business someone\xe2\x80\x99s bout to get a haircut. Will WB take the L or hedge? \xf0\x9f\x98\x82\xf0\x9f\x98\x82\xf0\x9f\x98\x82\xf0\x9f\x98\x82 #AAPL $AAPL',0.0
2019-05-22 23:41:21,b'$SPY - Daily Charts - Candle Glance View\n\n$AMZN $AAPL $BABA $BAC $CELG $FB\n$GOOG $IBB $IWM $JPM $MSFT $NFLX\n$BA\xe2\x80\xa6 https://t.co/p9IHuM6502',0.0
2019-05-22 23:33:30,"b'Chinese man guilty of defrauding Apple out of 1,500 iPhones $AAPL #AAPL #Technology #Crime\xe2\x80\xa6 https://t.co/qAFrB2bgjn'",-0.25
2019-05-22 23:33:24,"b'Chinese man guilty of defrauding Apple out of 1,500 iPhones $AAPL #AAPL #Technology #Crime\xe2\x80\xa6 https://t.co/rNQuR0RphN'",-0.25
2019-05-22 23:28:27,"b""If you didn't sell #AAPL &amp; #QCOM, today, based on bad FTC (FED) ruling vs Qualcomm (it was a brutal and wrong/bad r\xe2\x80\xa6 https://t.co/8psEnwAt9l""",-0.7874999999999999
2019-05-22 23:09:11,"b""App Developer Panic Announces New $149 'Playdate' Game System Coming in 2020 https://t.co/SuwV56Cg0b #AAPL""",-0.13181818181818183
2019-05-22 22:57:37,b'4 hour charts for all 78 instruments are available for members viewing https://t.co/x2kmaKA6Ui #ElliottWave #Forex\xe2\x80\xa6 https://t.co/pmwURFxQU5',0.4
2019-05-22 22:56:37,b'@barronsonline wrong but they added to it. Apple heading $134.80 #AAPL $AAPL in extremely near future \xf0\x9f\xa4\xb7\xf0\x9f\x8f\xbc\xe2\x80\x8d\xe2\x99\x82\xef\xb8\x8f yw ! \xf0\x9f\x98\x87\xf0\x9f\x90\xb8\xf0\x9f\x8d\xbf',-0.13333333333333333
2019-05-22 22:56:24,b'4 &amp; 1 hour charts for the Group 3 instruments are available for members viewing https://t.co/x2kmaKA6Ui\xe2\x80\xa6 https://t.co/BNDEd9ozuS',0.4
2019-05-22 22:33:21,b'The Big Five #FAANG Stock and Sector Service is now posted for Wednesday             #AMZN #AAPL #FB #NFLX #TSLA\xe2\x80\xa6 https://t.co/GnEw0selyX',0.0
2019-05-22 22:19:06,b'Hands-On With the New 4K 23.7-Inch LG UltraFine Display https://t.co/mNk6ptX5Tk #AAPL',0.13636363636363635
2019-05-22 21:01:54,"b'Apple Inc price at close, 2019-05-22, is 183.2701. #apple #AAPL'",0.0
2019-05-22 20:19:53,b'$AAPL declines to lowest close since March 13th: https://t.co/I9kInVgoXN\nSentiment: Neutral #AAPL #Apple',0.0
2019-05-22 18:31:47,b'Will somebody please tell the powers-that-be to take #AAPL back up and over 188.30 to relieve the pressure on\xe2\x80\xa6 https://t.co/Wl1F4QooEJ',0.0
2019-05-22 17:54:19,"b'Apple Updates WWDC App With Customizable Icons, Hidden Session Info and iMessage Stickers Ahead of 2019 Event https://t.co/VdeKGi9nmD #AAPL'",-0.16666666666666666
2019-05-22 17:34:17,b'Apple Releases macOS Mojave 10.14.5 Supplemental Update for 2018 and 2019 15-Inch MacBook Pro https://t.co/3eredyXEdY #AAPL',0.0
2019-05-22 17:32:52,b'#aapl stop',0.0
2019-05-22 16:48:12,b'#aapl buy stop 179.9',0.0
2019-05-22 16:39:08,b'Watch an Apple Watch Get Dipped in 24-Karat Pure Gold https://t.co/c7LktRoZgq #AAPL',0.21428571428571427
2019-05-22 16:30:00,"b'#HedgeFund #Parnassus Endeavor, largest buys of #Q12019, #Apple Inc. #AAPL https://t.co/fWCigH7Sws'",0.0
2019-05-22 15:34:08,b'Apple Inc is doomed. $AAPL dropped by 1.2728%! Currently priced at 184.225. https://t.co/HoqF250XDs #AAPL',0.0
2019-05-22 15:27:26,"b""Join @RobinhoodApp and we'll both get a stock like $AAPL, $F, or $S for free. Make sure to use my link.\xe2\x80\xa6 https://t.co/favxgp6dzE""",0.45
2019-05-22 15:09:22,b'FileMaker 18 for macOS Launches With Improved UI and More Security Controls https://t.co/zFn4BJDvkR #AAPL',0.5
2019-05-22 15:04:04,b'Apple Previews New Privacy-Focused Ad Tracking Solution Coming to Safari Later This Year https://t.co/Aoc1GfWnzr #AAPL',0.06818181818181818
2019-05-22 14:54:15,"b'Possible fed minutes outcomes: hint of rate cut could rally the market, hint of no change is also good, any wording\xe2\x80\xa6 https://t.co/CdDcUmijFc'",0.35
2019-05-22 14:44:09,"b""Apple Pledges to Be 'Clearer and More Upfront' With iPhone Users About Battery Health and Performance in UK https://t.co/KxUH2roWEU #AAPL""",0.5
2019-05-22 14:40:59,b'BLOCK TRADE detected in #AAPL',0.0
2019-05-22 14:39:08,"b""Riot Games Working on Mobile Version of 'League of Legends', Not Ready for 2019 Launch https://t.co/gOh2f3T7ol #AAPL""",-0.1
2019-05-22 14:28:33,b'@options_ov \nHi can you please look at #AAPL? \nWhat do you think of it?',0.0
2019-05-22 14:00:14,"b'#AAPL\nOpen: 184.66\nClose: 186.60\nDaily Range: 184.45 - 185.71\nEarnings date: Jul 29, 2019 - Aug 2, 2019'",0.0
2019-05-22 13:49:23,b'#AAPL\nAmerica- Are you tired of winning under #Trump yet?? https://t.co/II1sf050pR',0.04999999999999999
2019-05-22 13:39:30,b'#VOLATILITY has dropped. #vix below 15..  the crash is over for now. V shaped rally unlikely until deal is in the b\xe2\x80\xa6 https://t.co/wym7HlKK8x',-0.5
2019-05-22 13:34:09,"b""'Mario Kart Tour' Gameplay Revealed in New Images and Video Shared From Beta Players https://t.co/FcXIdhVie6 #AAPL""",0.13636363636363635
2019-05-22 13:12:00,b'#EURUSD Analyze.Just think simple.\n#GBPUSD #BTCUSDT #BTC #economy #NASDAQ #WhatsAppDown #usdtry #AAPL https://t.co/dclWjOAAFn',0.0
2019-05-22 13:04:31,"b'Shaping up for a move into the red, #DOW-94,#NASDAQ-47. #QCOM-10%, will appeal a big antitrust ruling against it,\xe2\x80\xa6 https://t.co/cNhSXXOWuF'",0.0
2019-05-22 12:52:06,"b""Why we think it's a good time to sell Apple #AAPL as it continues to trade bearish because of the #tradewar\xe2\x80\xa6 https://t.co/sqoD0c0CGn""",0.7
2019-05-22 12:29:13,b'FTC Wins Antitrust Lawsuit Against Qualcomm https://t.co/D7zoqvQ5Vw #AAPL',0.3
2019-05-22 11:37:37,"b""..tactics - such as threatening to cut off access to its chips - and said it can't sign exclusive supply agreements\xe2\x80\xa6 https://t.co/9t7E2vOAH9""",0.0
2019-05-22 08:49:06,b'EE to Launch 5G in the United Kingdom on May 30 https://t.co/1tQZujtJX3 #AAPL',0.0
2019-05-22 08:45:47,"b'You\xe2\x80\x99re a wizard, ARRY.\nhttps://t.co/26bwHzMSxC\n#daytrading #aapl #arry #apple'",0.0
2019-05-22 08:29:20,b'Valve Releases New Steam Chat App for iOS https://t.co/wsNqmHntNr #AAPL',0.13636363636363635
2019-05-22 06:45:27,"b'Apple (AAPL), one of the most widely invested in and watched stocks in the world continues to break\xe2\x80\xa6\xe2\x80\xa6 https://t.co/E9T6f0imSF'",0.2
2019-05-22 05:03:47,b'Apple Debuts New 8-Core MacBook Pro With Updated Keyboard #aapl #smhq https://t.co/AQmP2yDfBR',0.13636363636363635
2019-05-22 03:46:27,"b'IF #Apple Was Interested In Buying #Tesla BEFORE, Could It Be Interested In Buying Tesla NOW?\xe2\x80\xa6 https://t.co/j1SOFoqOMG'",0.25
2019-05-22 02:54:51,b'HYPERSCALE CAPEX FLAT - PROJECTED GROWTH FOR 2020\n\n#bigdata #microsoft #MSFT #apple #AAPL #facebook #FB #amazon\xe2\x80\xa6 https://t.co/VmzJwLX7W0',-0.025
2019-05-22 02:53:13,b'Apple won a Patent today covering a 3D method for forming Structures out of Liquid Metal #AAPL  #LQMT  #3dPRINTING   https://t.co/gzmHNYLK61',0.0
2019-05-22 02:09:58,b'@AngelNDevil2 @GerberKawasaki @elonmusk Not only entire automarket is generally down 20-30% from Dec to March Q. Da\xe2\x80\xa6 https://t.co/OAQaOdNGi5',-0.051851851851851864
2019-05-22 00:11:29,b'@SallyBundockBBC @BBC @DowJonesIndy @Nasdaq LOL!!! Fake news!!! At least BBC show %change. @CBCNews are economic on\xe2\x80\xa6 https://t.co/Q9diZWUFXT',-0.019140624999999994
2019-05-22 00:05:01,"b'Stock Indexes swing back UP. No weekly crossover yet. Don\xe2\x80\x99t count on the news! \xe2\x80\x9cFollow the Charts, Not the Noise.\xe2\x80\x9d\xe2\x80\xa6 https://t.co/YZ6YafsaTW'",0.0
2019-05-21 23:50:42,b'The Group 3 Daily Technical Video is available for members viewing https://t.co/x2kmaKA6Ui #ElliottWave #Stocks\xe2\x80\xa6 https://t.co/Ardey1LJ40',0.13333333333333333
2019-05-21 23:02:51,b'4 hour charts for all 78 instruments are available for members viewing https://t.co/x2kmaKA6Ui #ElliottWave #Forex\xe2\x80\xa6 https://t.co/Qek9MKGWTX',0.4
2019-05-21 23:01:23,b'1 hour post market charts for Group 3 instruments are available for members viewing https://t.co/x2kmaKA6Ui\xe2\x80\xa6 https://t.co/fVi6jJtmiA',0.4
2019-05-21 22:23:55,b'$SPY - Daily Charts - Candle Glance View\n\n$AMZN $AAPL $BABA $BAC $CELG $FB\n$GOOG $IBB $IWM $JPM $MSFT $NFLX\n$BA\xe2\x80\xa6 https://t.co/AkX3TAaiLE',0.0
2019-05-21 22:20:17,b'4 hour charts for the Group 3 instruments are available for members viewing https://t.co/x2kmaKA6Ui #ElliottWave\xe2\x80\xa6 https://t.co/M9HtGtIXmv',0.4
2019-05-21 21:29:37,b'\xf0\x9f\x92\xbb BTC $7274   vs   \xf0\x9f\xa6\x8d #AAPL $186.93\n\n              -2% \xf0\x9f\x94\xbb 24 hours \xf0\x9f\x94\xbb 0% \n          +0.7% \xf0\x9f\x9a\x80 1 week   \xf0\x9f\x94\xbb -5.3% \n      +8\xe2\x80\xa6 https://t.co/Ux7tzfQHB3',0.0
2019-05-21 21:26:08,b'\xf0\x9f\x92\xbb BTC $7274   vs   \xf0\x9f\xa6\x8d #AAPL $NaN\n\n              -2% \xf0\x9f\x94\xbb 24 hours \xf0\x9f\x99\x85\xe2\x80\x8d\xe2\x99\x80\xef\xb8\x8f N/A% \n          +0.7% \xf0\x9f\x9a\x80 1 week   \xf0\x9f\x99\x85\xe2\x80\x8d\xe2\x99\x80\xef\xb8\x8f N/A%\xe2\x80\xa6 https://t.co/ECpiTOwwtY',0.0
2019-05-21 21:04:16,b'Seven Safari Tricks on iOS You Might Not Know https://t.co/7LOyNQPwlg #AAPL',0.0
2019-05-21 21:03:54,b'#USAvUS: #DonaldTrump: #SocialMedia platforms should advance #FreedomOfSpeech. https://t.co/UQIjWpPoxM #1ab #DC\xe2\x80\xa6 https://t.co/AUWn2Ts6MM',0.0
2019-05-21 21:01:43,"b'Apple Inc price at close, 2019-05-21, is 187.8938. #apple #AAPL'",0.0
2019-05-21 20:39:09,"b""Transit Riders in Portland Now Able to Add Hop Fastpass to Apple's Wallet App https://t.co/g8LPLSpWhc #AAPL""",0.5
2019-05-21 20:18:19,b'$AAPL finds buyers at key support level: https://t.co/MOCL0A1pws\nSentiment: Very bullish #AAPL #Apple',0.1
2019-05-21 20:08:02,"b""It's amazing , my subscribers made a more profit today than i. \nToday results -194$\nMore info in free discord\xe2\x80\xa6 https://t.co/mMttCC75Gp""",0.5
2019-05-21 20:05:49,"b""I'd support an AAPL purchase of TSLA. The love of Tesla owners for their cars is undeniable. AAPL could bring in ne\xe2\x80\xa6 https://t.co/QdB7XYzH6E""",0.5
2019-05-21 20:04:15,"b""Apple Named Cannes Lions' 2019 Creative Marketer of the Year https://t.co/u9xqWekbAZ #AAPL""",0.5
2019-05-21 19:29:16,"b""Apple's Online Store Now Offering New 4K 23.7-Inch LG UltraFine Display https://t.co/6VPD1zXkmm #AAPL""",0.13636363636363635
2019-05-21 19:17:47,"b'Stocks heading higher in the final hour, #DOW+179, #NASDAQ+83, a big assist to the U-S giving temporary exemptions\xe2\x80\xa6 https://t.co/PN5Ks6g9Hm'",0.08333333333333333
2019-05-21 18:30:34,b'$BA can not buy an uptick here..only thing I see going up is #AAPL',0.0
2019-05-21 18:25:38,b'#aapl third time today failing 187.74\nCome on',0.0
2019-05-21 18:15:08,b'I may be wrong but #aapl #tsla look much stronger than others',-0.15
2019-05-21 18:11:29,"b""This may very well be true, but I don't think #AAPL would pay $240/share today.  The problem as I see it for #Apple\xe2\x80\xa6 https://t.co/lwYzwyvU6A""",0.275
2019-05-21 18:06:23,"b'""#AAPL bid to buy #TSLA in 2013 for $240 a share, analyst says""\nhttps://t.co/oKAMGOuChX'",0.0
2019-05-21 18:05:51,b'@MelissaLeeCNBC Melissa yesterday every segment we had FUD on #tesla &amp; today on every @cnbc segment. Inspite of the\xe2\x80\xa6 https://t.co/10oObY0eVL',0.0
2019-05-21 17:49:19,"b""Apple Launches New Backlight Service Program for 2016 13-Inch MacBook Pro Display to Address 'Flexgate' Issues https://t.co/gPe6KUdgin #AAPL""",0.13636363636363635
2019-05-21 17:44:03,"b""2018 and Newer MacBook Pro and MacBook Air Now Eligible for Apple's Keyboard Service Program https://t.co/EzB9laHDDB #AAPL""",0.0
2019-05-21 17:11:01,b'Apple Debuts New 8-Core MacBook Pro With Updated Keyboard https://t.co/rIwaFfNOjv #AAPL',0.13636363636363635
2019-05-21 16:53:04,b'Tesla holds $200 as Apple backstop teased $TSLA #AAPL #tsla \xe2\x81\xa6@Tesla\xe2\x81\xa9 #NYSE #NASDAQ  https://t.co/W9ylQTjSdT',0.0
2019-05-21 16:36:27,b'#aapl sell',0.0
2019-05-21 16:19:14,"b""Apple Said to Have Made 'Serious Bid' of ~$240 Per Share to Acquire Tesla Around 2013 https://t.co/URKiI9a3WN #AAPL""",-0.3333333333333333
2019-05-21 16:16:57,b'#aapl again reaisting at 187.74 \xf0\x9f\xa4\xaf\xf0\x9f\xa4\xaf\xf0\x9f\xa4\xaf',0.0
2019-05-21 16:12:22,b'So far I think I hold my #aapl &amp; #tsla calls into tomorrow',0.1
2019-05-21 15:43:33,b'#Lynx cuts $AAPL PT $185 to $165.\n@LeverageShares \n-\n#AAPL +2.25% | #AAP2 ETP +4.40%',0.0
2019-05-21 15:35:17,b'@DrewAdamTepper @28delayslater @elonmusk @tim_cook @Google @MorganStanley @aapl @wallstreet @chamath Now some of th\xe2\x80\xa6 https://t.co/9G4Pzy0Ut9',0.0
2019-05-21 15:29:29,b'@AliceCh76224366 @FilmProfessor9 @NotaBubble @daesr1 @solon594bce @7wtc Heard the repetition of the old 2013-14 rum\xe2\x80\xa6 https://t.co/IJIcuTMw81',0.1
2019-05-21 15:26:04,b'$AAPL very nice rally day play if you got in on yesterday\xe2\x80\x99s dip on #ES_F 2835 support region held for today\xe2\x80\x99s bounc\xe2\x80\xa6 https://t.co/vlR14PKn1m',0.78
2019-05-21 15:08:25,b'#aapl sell stop 187.95',0.0
2019-05-21 15:03:11,"b'Its not everyday that #aapl goes up more than %2, but when it goes %4 maybe coming too'",0.3
2019-05-21 15:01:34,b'#aapl 187.74 big resistance',0.0
2019-05-21 14:44:17,"b""Vizio's 2019 Smart TVs Now Available With AirPlay 2 and HomeKit Support Coming This Summer https://t.co/zzMMpI9Lj5 #AAPL""",0.30714285714285716
2019-05-21 14:34:58,b'#MAY21ST\n-3.35 #REDDAY \nSat on my hands for 30 minutes. Then like a damn fool took shares of #AAPL after broke p.m.\xe2\x80\xa6 https://t.co/IU868KDNKk',0.0
2019-05-21 14:34:36,b'I guess I should\xe2\x80\x99ve put all on #aapl lol',0.8
2019-05-21 14:24:04,"b'Google Likely to Make a U-Turn in Huawei Ban, Chinese Giant Declines Any Charity #BreakingNews #rdt\xe2\x80\xa6 https://t.co/aG9u7NCtYI'",0.0
2019-05-21 14:06:49,b'@Apple Is this what passes for innovation at #aapl ??\n\ntime to short the stock boys',0.0
2019-05-21 13:54:43,b'#aapl #roku #unh #tsla the best so far',0.55
2019-05-21 13:42:42,b'Bot #aapl 190c at .87',0.0
2019-05-21 13:42:00,b'BLOCK TRADE detected in #AAPL',0.0
2019-05-21 13:39:18,"b""Apple Highlights 'Great Feedback' Received From Hundreds of Apple News+ Publishers https://t.co/3UoaONhRag #AAPL""",0.8
2019-05-21 12:37:38,b'#apple #iphone11 design leak. #aapl https://t.co/mGXKFqKaex',0.0
2019-05-21 12:34:10,b'Health Canada Gives Green Light to ECG App on Apple Watch https://t.co/0anJNBSvFe #AAPL',0.1
2019-05-21 12:30:12,"b'Today\xe2\x80\x99s STOCK MARKET, BOND &amp; GOLD TRENDS, Tuesday, May 21, 2019: https://t.co/qimurnrXMl\n\n#stockmarket #wallstreet\xe2\x80\xa6 https://t.co/Qa4w5Cf6ar'",0.0
2019-05-21 12:09:14,b'Tado Launches Smart AC Controller With HomeKit Support https://t.co/ISHtpXt2Pd #AAPL',0.21428571428571427
2019-05-21 11:48:20,b'@ValueAnalyst1 @vincent13031925 Guys I heard #AAPL was interested in buying $TSLA at $240. So $TSLA could get a buy\xe2\x80\xa6 https://t.co/RjBABUv7WU',0.25
2019-05-21 10:59:15,"b""Apple Sued by 'Over the Rainbow' Composer for Alleged Piracy https://t.co/IjzpmMRAKK #AAPL""",-0.1
2019-05-21 09:31:13,b'Apple Shares Continue to Decline After Rumours That China Might Hike Tariffs for Apple https://t.co/1q3uLJE0sH\xe2\x80\xa6 https://t.co/uS4koCUVbQ',0.0
2019-05-21 09:29:23,b'Apple Pay Launches in Hungary and Luxembourg https://t.co/HxYSxuoE1s #AAPL',0.0
2019-05-21 06:09:13,b'Why Apple Stock Could Fall Below $160\nhttps://t.co/uULGidUx8d\n\n#AAPL #Apple #NASDAQ #NYSE #DowJones #stockstowatch\xe2\x80\xa6 https://t.co/gNvq6DgUKz',0.0
2019-05-21 00:09:05,"b""Australia's National Australia Bank Now Accepts Apple Pay https://t.co/rOPQOZy2qP #AAPL""",0.0
2019-05-20 23:41:30,b'4 hour charts for all 78 instruments are available for members viewing https://t.co/x2kmaKA6Ui #ElliottWave #Forex\xe2\x80\xa6 https://t.co/ExVDv9Rr9D',0.4
2019-05-20 23:41:02,b'4  hour charts for the Group 3 instruments are available for members viewing https://t.co/x2kmaKA6Ui #ElliottWave\xe2\x80\xa6 https://t.co/ZUs3f9TVrP',0.4
2019-05-20 23:40:24,b'The Group 3 Daily Technical Video is available for members viewing https://t.co/x2kmaKA6Ui #ElliottWave #Stocks\xe2\x80\xa6 https://t.co/eebqWVMHzw',0.13333333333333333
2019-05-20 22:46:16,"b'@Gfilche at this price, is there a chance for a hostile takeover for #tsla ? By #aapl maybe?'",0.0
2019-05-20 21:53:54,b'Today results\nMore info in free discord #trading room https://t.co/PsqOSmFNLU\nWorked on :\n#AAPL\n#NVDA\n#AIG\n#JPM\xe2\x80\xa6 https://t.co/FCJ74Cv707',0.45
2019-05-20 21:31:28,b'With a B. #aapl https://t.co/6PU1jTz99U',0.0
2019-05-20 21:00:51,"b'Apple Inc price at close, 2019-05-20, is 182.42. #apple #AAPL'",0.0
2019-05-20 20:59:14,"b'Contact Info for Millions of Instagram Influencers, Celebrities, and Brand Accounts Leaked Online https://t.co/BuUTpxIQQR #AAPL'",0.0
2019-05-20 20:22:18,b'@steve_hanke Sureeeee...As #AAPL was last 20 years....you can always play the 50:50 prediction game...sometimes you\xe2\x80\xa6 https://t.co/k7Xt9KQkzk',0.0
2019-05-20 20:16:07,b'$AAPL declines to lowest close since March 13th: https://t.co/OsNFpkq8mI\nSentiment: Neutral #AAPL #Apple',0.0
2019-05-20 20:02:23,b'Just a TEST- testing an old modified Algo-  \n \nsee report: https://t.co/ZT6YlToJjB \n \n$AAPL #AAPL #Apple #AppleInc\xe2\x80\xa6 https://t.co/0r0XwuWWP4',0.1
2019-05-20 19:59:12,b'Watch out for #tsla #lyft #uber #aapl tomorrow',0.0
2019-05-20 19:44:10,"b""U.S. Justice Department 'Leaning Against' Approving T-Mobile/Sprint Merger https://t.co/0igHzTljKw #AAPL""",0.0
2019-05-20 19:19:23,b'Google Launches New $999 Glass AR Headset for Enterprise Customers https://t.co/n64pb9EvRd #AAPL',0.13636363636363635
2019-05-20 18:34:07,"b""MacRumors Exclusive: Save Up to 40% on Anker's Bluetooth Speakers, Headphones, and Portable Batteries https://t.co/nvtWin0dNX #AAPL""",0.0
2019-05-20 18:27:01,b'bought some #aapl a minute ago\nLove that smell',0.5
2019-05-20 17:57:31,b'We should get a Currency that can trade to all wallets - #AAPL chart https://t.co/BRUg2K5fIj',0.0
2019-05-20 17:44:43,b'BLOCK TRADE detected in #AAPL',0.0
2019-05-20 17:29:10,"b'New HyperJuice USB-C Battery Pack Offers 130W of Power and 27,000mAh Capacity https://t.co/mitvZjQBMt #AAPL'",0.11818181818181818
2019-05-20 17:09:05,b'Microsoft Launches First Microsoft Edge Preview Builds for Mac Users https://t.co/L3Jn1tRftz #AAPL',0.25
2019-05-20 17:05:51,"b""Cra-apple breaks all support. Should've been following me instead of #CNBC  financial #FakeNews #Investors #AAPL\xe2\x80\xa6 https://t.co/AOjrqNNmi5""",0.0
2019-05-20 16:35:01,b'#aapl sell',0.0
2019-05-20 16:33:19,b'Oh dear! #AAPL https://t.co/LESWGezLgZ',0.0
2019-05-20 16:29:44,b'@ScottWapnerCNBC Scott #tsla just got a 2% interest loan on the recent bond offering. Stop the fake news guys. I th\xe2\x80\xa6 https://t.co/ijFXCUO792',-0.25
2019-05-20 16:24:06,b'Apple Seeding Second Beta of iOS 12.4 to Developers Today https://t.co/zxmj3Uyiz2 #AAPL',0.0
2019-05-20 15:40:01,b'#AAPL - Sigo largo en Apple - TradingView - https://t.co/ag6cB26R7y',0.0
2019-05-20 15:34:14,b'Apple Inc stock dropped by 3.2275%! Currently priced at 182.9. #apple #AAPL',0.0
2019-05-20 15:32:06,b'$AAPL joined $BABA breaking 5/13 low and now #aapl is aiming for a move lower toward $159 - $152 area #elliottwave #trading',0.0
2019-05-20 15:31:28,b'Apple Inc is doomed. $AAPL dropped by 3.2275%! Currently priced at 182.9. https://t.co/HoqF250XDs #AAPL',0.0
2019-05-20 15:19:09,b'Pandora Launches New Desktop App for Mac https://t.co/lrfYc47J0e #AAPL',0.13636363636363635
2019-05-20 15:14:13,b'Apple Stores Quietly Carrying New LG 23.7-Inch UltraFine Display https://t.co/Uq2L6YVym0 #AAPL',0.06818181818181818
2019-05-20 14:34:10,b'Some Apple Watch Series 3 Repairs Can Now Qualify for Series 4 Replacement https://t.co/RaTr8gWQ6g #AAPL',0.0
2019-05-20 14:17:04,"b'In case you missed it, Find the recording for our Big Five Webinar from last Thursday on our May Free Webinar Page\xe2\x80\xa6 https://t.co/Um8jO9AoMd'",0.13333333333333333
2019-05-20 14:04:18,b'Proposed T-Mobile and Sprint Merger Gains Support From FCC Chairman Ajit Pai https://t.co/xhvKbzkbOY #AAPL',0.0
2019-05-20 14:00:51,b'#AAPL is starting to play out again just as it did last October...  There is nothing wrong with stepping to the sid\xe2\x80\xa6 https://t.co/Bd1k2HbNF6',-0.16666666666666666
2019-05-20 13:44:11,b'Google and Other Suppliers Begin Cutting Off Huawei Following U.S. Trade Ban https://t.co/g9M6VTz6J3 #AAPL',-0.24166666666666667
2019-05-20 13:16:27,"b'In case you missed it, Find the recording for our Big Five Webinar from last Thursday on our May Free Webinar Page\xe2\x80\xa6 https://t.co/1HibT6oba4'",0.13333333333333333
2019-05-20 13:14:13,b'Toshiba Planning to Buy Back Memory Unit Shares Purchased Last Year by Apple and Others https://t.co/sBXyQjTP5j #AAPL',0.0
2019-05-20 13:09:17,"b""New 'Friends of Hue' Partner Lutron Debuts New Smart Bulb Aurora Dimmer https://t.co/GWMp6n5GRO #AAPL""",0.16233766233766234
2019-05-20 11:00:28,b'@SariArhoHavren @MI_Investments you know how you stop tech transfer?   stop sending all of your manufacturing to Ch\xe2\x80\xa6 https://t.co/MCsFoL2oZZ',0.0
2019-05-20 03:32:25,b'ATTENTION: #Apple has reported issues with the #AppStore on their website - Check their support page for updates:\xe2\x80\xa6 https://t.co/GDo2Bj37ZK',0.0
2019-05-20 01:54:48,b'When is China gonna ban Apple sales?\n#aapl #tradewar $aapl #huawei #notfriends\n\nSide note US just lifted steel and\xe2\x80\xa6 https://t.co/6mt7G9cdfv',0.0
2019-05-19 23:32:13,b'iOS 13: Everything We Know So Far https://t.co/Ih9xfigr1W #AAPL',0.1
2019-05-19 20:10:00,b'#AAPL - Compra APPLE  - TradingView - https://t.co/OWEOQr7UBj',0.0
2019-05-19 19:24:21,b'Stop loss works great for stocks. But for #options it is poor idea. #openinterest and #volatiliy messes up. Define\xe2\x80\xa6 https://t.co/PJgT3UFhJD',0.2
2019-05-19 19:01:54,b'The Big Five #FAANG Stock and Sector Service is now posted for Sunday             #AMZN #AAPL #FB #NFLX #TSLA\xe2\x80\xa6 https://t.co/nOFyvsQlQt',0.0
2019-05-19 15:41:12,"b'Hospital admin, insurance comp execs and physician leaders #AAPL stop using the term ""provider"" to describe MD/DOs.\xe2\x80\xa6 https://t.co/Is5eOyieew'",0.0
2019-05-19 04:01:12,b'This is what I get for giving a f* again. When I treat $BTC like $AAPL in my $IRA and never look at the chart it\xe2\x80\x99s\xe2\x80\xa6 https://t.co/i7zsXjBXff',0.0
2019-05-18 20:06:48,b'SHORT AAPL Targeting Area between 172-182 . now its 210.52 - #AAPL TradingView https://t.co/r7vhtkH3dd',0.0
2019-05-18 19:32:11,b'Incredible. #AAPL https://t.co/pGc3c8PxvF',0.9
2019-05-18 18:41:52,b'#USAvUS: #SocialMedia platforms should advance #FreedomOfSpeech. Tech #Bias Sharing Tool here:\xe2\x80\xa6 https://t.co/oh2mzBHCOS',0.0
2019-05-18 17:45:25,b'.. war weapon? Data on Wednesday also showed China sold the most Treasurys in almost 2.5 years in March.\n\n#Apple (N\xe2\x80\xa6 https://t.co/CsBfHC1IOs',0.5
2019-05-18 15:28:14,"b'#AppleTV \'in the wild"" sighting :) #AAPL https://t.co/JwNbhAVdpG'",0.3
2019-05-18 15:00:00,"b'#HedgeFund firm #DiamondHill largest sales of #Q12019, #Apple Inc. #AAPL https://t.co/ZTEEq2oxHI'",-0.2
2019-05-18 14:48:40,"b'Which of these 5 do you hold in your portfolio if any?\n\n\xf0\x9f\x93\x9aBEST Daily Motivation quotes\xf0\x9f\xa7\x98\xf0\x9f\x8f\xbb\xe2\x80\x8d\xe2\x99\x82, Business Tips and Advice\xe2\x80\xa6 https://t.co/YiqxDzx1no'",0.0
2019-05-18 11:15:48,b'\xf0\x9f\x92\xbb BTC $7421 vs \xf0\x9f\xa6\x8d #AAPL $186.93\n\n      +6.3% \xf0\x9f\x9a\x80 24 hours  \xf0\x9f\x94\xbb0% \n     -13.2% \xf0\x9f\x94\xbb 1 week    \xf0\x9f\x9a\x805.6% \n     -48.4% \xf0\x9f\x94\xbb YTD\xe2\x80\xa6 https://t.co/sIkFZfAjT3',0.0
2019-05-18 09:57:59,"b'#AAPL\nOpen: 186.93\nClose: 190.08\nDaily Range: 186.81 - 190.89\nEarnings date: Jul 29, 2019 - Aug 2, 2019'",0.0
2019-05-18 02:45:30,b'$MSFT or $AAPL? I think both will be taking leaps &amp; bounds in the future and I don\xe2\x80\x99t see why it has to be one or th\xe2\x80\xa6 https://t.co/DoAFCOc0Gt',0.0
2019-05-17 22:53:31,b'2018 highest paying ceo\xe2\x80\x99s.#TSLA #ceo2018 #aapl https://t.co/BiF962tYim',0.0
2019-05-17 22:06:30,b'$AAPL - Daily Chart\n\nNot looking good ...\n\n180 /175 possible ???\n\n#aapl #stocks #pivots #markets #daytrading\xe2\x80\xa6 https://t.co/vUftuobpWw',0.2333333333333333
2019-05-17 21:42:17,"b""Powerbeats Pro Water Resistance Test: Find Out What Happens if You Drop Apple's Newest Earbuds in the Toilet https://t.co/LZjijuesBi #AAPL""",-0.03333333333333333
2019-05-17 21:40:37,b'$AAPL Support and Resistance (Pivots) for Mon 5/20/19:\n\n$FB $AMZN $AAPL\n$GOOG $TSLA $C\n$BAC $CELG $IBB\n$MSFT $NFLX\xe2\x80\xa6 https://t.co/JwxJ506RfR',0.0
2019-05-17 21:02:12,"b'Apple Inc price at close, 2019-05-17, is 189.57. #apple #AAPL'",0.0
2019-05-17 20:25:43,"b'Hey All, Check out my video with this weeks stories from the world of Apple!\nhttps://t.co/c8aXvWoSpI \n\n#apple #news\xe2\x80\xa6 https://t.co/q3KaeqV9Lo'",0.0
2019-05-17 20:16:43,b'$AAPL closes lower for the 2nd day in a row: https://t.co/1AJGSLPnDa\nSentiment: Neutral #AAPL #Apple',0.0
2019-05-17 20:12:31,"b""Hands-on With Boss Audio's Latest CarPlay Receiver (With Exclusive Deal for MacRumors Readers) https://t.co/4MYFe64RHc #AAPL""",0.5
2019-05-17 19:32:17,b'Some 2018 Lexus Vehicles Eligible for $199 Software Update to Add CarPlay Support https://t.co/lQ5xg8htwD #AAPL',0.0
2019-05-17 18:38:52,b'@GerberKawasaki ross I think if we find out in the weekend that @elonmusk is working with $googl or #aapl for makin\xe2\x80\xa6 https://t.co/YPI7UHIEFx',0.0
2019-05-17 18:32:07,b'Apple Park Decorated With Rainbow Colors in Celebration of Steve Jobs and Formal Opening of Campus https://t.co/gjbNO17vbq #AAPL',0.0
2019-05-17 18:29:41,b'1  hour charts for all 78 instruments are available for members viewing https://t.co/x2kmaKA6Ui #ElliottWave #Forex\xe2\x80\xa6 https://t.co/LMud2savBd',0.4
2019-05-17 18:12:09,b'MacRumors Giveaway: Win a Luna Display Adapter That Turns Your iPad Into a Second Screen for Your Mac https://t.co/N5UGxRO402 #AAPL',0.4
2019-05-17 16:13:06,b'Anatomy of a trade - Capturing 20 pts of #Futures (Approx $1000 profit) in few hours on a dull day.\n \n#trading\xe2\x80\xa6 https://t.co/1dMpDz0d5p',-0.24583333333333335
2019-05-17 14:49:29,b'$AAPL short term. Unclear. May have one more small wave down to 184ish. RSI and MACD mixed signals. EMA downtrend s\xe2\x80\xa6 https://t.co/eJ3eOHO4XF',0.018888888888888882
2019-05-17 14:11:51,b'BLOCK TRADE detected in #AAPL',0.0
2019-05-17 14:07:07,b'Google Pixel 4 Leaks Suggest Punch-Hole Selfie Camera and Total Lack of Physical Buttons https://t.co/riPV7Ngnlz #AAPL',0.0
2019-05-17 13:57:25,"b""Microsoft Reveals New Augmented Reality Mobile Game 'Minecraft Earth' https://t.co/VZzk0ed9vr #AAPL""",-0.13181818181818183
2019-05-17 13:56:25,b'$IVST Major Developments Audited Financials Coming Any Day Now....\n#apple #aapl #stockstowatch #stockalert\xe2\x80\xa6 https://t.co/m8GMXPsWCE',0.0625
2019-05-17 13:23:55,"b""Market's 3-session winning streak about to go poof...trade worries on #AAPL-2% and #DE-4% not helping, #DOW-199.\xe2\x80\xa6 https://t.co/AmEoquG5eB""",0.5
